URL_ID,URL,POSITIVE SCORE,NEGATIVE SCORE,POLARITY SCORE,SUBJECTIVITY SCORE,AVG SENTENCE LENGTH,PERCENTAGE OF COMPLEX WORDS,FOG INDEX,AVG NUMBER OF WORDS PER SENTENCE,COMPLEX WORD COUNT,WORD COUNT,SYLLABLE PER WORD,PERSONAL PRONOUNS,AVG WORD LENGTH
Netclan20241017,https://insights.blackcoffer.com/ai-and-ml-based-youtube-analytics-and-content-creation-tool-for-optimizing-subscriber-engagement-and-content-strategy/,4,0,0.9999997500000625,0.0377358487006052,17.666666666666668,0.39622641509433965,7.225157232704404,17.666666666666668,42,106,2.2641509433962264,1,7.254716981132075
Netclan20241018,https://insights.blackcoffer.com/enhancing-front-end-features-and-functionality-for-improved-user-experience-and-dashboard-accuracy-in-partner-hospital-application/,9,7,0.12499999218750048,0.04456824500120266,9.972222222222221,0.31197771587743733,4.113679975239864,9.972222222222221,112,359,2.1727019498607243,13,6.813370473537605
Netclan20241019,https://insights.blackcoffer.com/roas-dashboard-for-campaign-wise-google-ads-budget-tracking-using-google-ads-ap/,11,2,0.6923076390532585,0.09285714219387756,17.5,0.3,7.120000000000001,17.5,42,140,2.1714285714285713,1,6.857142857142857
Netclan20241020,https://insights.blackcoffer.com/efficient-processing-and-analysis-of-financial-data-from-pdf-files-addressing-formatting-inconsistencies-and-ensuring-data-integrity-for-a-toyota-dealership-management-firm/,23,10,0.3939393820018369,0.09166666641203704,13.333333333333334,0.49444444444444446,5.531111111111112,13.333333333333334,178,360,2.575,6,7.855555555555555
Netclan20241021,https://insights.blackcoffer.com/development-of-ea-robot-for-automated-trading/,2,0,0.99999950000025,0.015999999872,9.615384615384615,0.384,3.999753846153846,9.615384615384615,48,125,2.36,1,7.176
Netclan20241022,https://insights.blackcoffer.com/ai-and-ml-based-youtube-analytics-and-content-creation-tool-for-optimizing-subscriber-engagement-and-content-strategy/,4,0,0.9999997500000625,0.0377358487006052,17.666666666666668,0.39622641509433965,7.225157232704404,17.666666666666668,42,106,2.2641509433962264,1,7.254716981132075
Netclan20241023,https://insights.blackcoffer.com/enhancing-front-end-features-and-functionality-for-improved-user-experience-and-dashboard-accuracy-in-partner-hospital-application/,9,7,0.12499999218750048,0.04456824500120266,9.972222222222221,0.31197771587743733,4.113679975239864,9.972222222222221,112,359,2.1727019498607243,13,6.813370473537605
Netclan20241024,https://insights.blackcoffer.com/roas-dashboard-for-campaign-wise-google-ads-budget-tracking-using-google-ads-ap/,11,2,0.6923076390532585,0.09285714219387756,17.5,0.3,7.120000000000001,17.5,42,140,2.1714285714285713,1,6.857142857142857
Netclan20241025,https://insights.blackcoffer.com/efficient-processing-and-analysis-of-financial-data-from-pdf-files-addressing-formatting-inconsistencies-and-ensuring-data-integrity-for-a-toyota-dealership-management-firm/,23,10,0.3939393820018369,0.09166666641203704,13.333333333333334,0.49444444444444446,5.531111111111112,13.333333333333334,178,360,2.575,6,7.855555555555555
Netclan20241026,https://insights.blackcoffer.com/transforming-and-managing-a-large-scale-sql-pedigree-database-to-neo4j-graph-db/,56,21,0.4545454486422669,0.07396733902596797,10.515151515151516,0.4755043227665706,4.3962623351672345,10.515151515151516,495,1041,2.5542747358309317,1,7.787704130643612
Netclan20241027,https://insights.blackcoffer.com/enhancing-model-accuracy-from-58-to-over-90-strategies-for-improving-predictive-performance/,18,6,0.4999999791666675,0.08633093494125563,12.636363636363637,0.4784172661870504,5.245912361020275,12.636363636363637,133,278,2.6115107913669067,2,7.76978417266187
Netclan20241028,https://insights.blackcoffer.com/securing-sensitive-financial-data-with-privacy-preserving-machine-learning-for-predictive-analytics/,27,2,0.8620689357907263,0.07532467512902682,14.807692307692308,0.5194805194805194,6.130869130869131,14.807692307692308,200,385,2.657142857142857,7,7.958441558441558
Netclan20241029,https://insights.blackcoffer.com/enhancing-data-collection-for-research-institutions-addressing-survey-fatigue-and-incorporating-verbal-communication-for-richer-insights/,20,4,0.66666663888889,0.10859728457648288,12.277777777777779,0.416289592760181,5.077626948215184,12.277777777777779,92,221,2.48868778280543,5,8.081447963800905
Netclan20241030,https://insights.blackcoffer.com/analyzing-the-impact-of-positive-emotions-and-pandemic-severity-on-mental-health-and-resilience-among-entrepreneurs-insights-and-predictive-modeling/,13,4,0.5294117335640156,0.07203389799985636,15.733333333333333,0.4703389830508475,6.481468926553672,15.733333333333333,111,236,2.5466101694915255,6,7.953389830508475
Netclan20241031,https://insights.blackcoffer.com/dynamic-brand-centric-dashboard-for-automotive-dealerships-pdf-to-financial-insights-with-flask-react-architecture-and-aws-cloud-hosting/,57,16,0.5616438279226873,0.09720372823275136,11.378787878787879,0.45539280958721706,4.733672275350038,11.378787878787879,342,751,2.5059920106524634,11,7.672436750998669
Netclan20241032,https://insights.blackcoffer.com/cloud-based-data-modeling-and-analysis-platform-with-drag-and-drop-interface-and-openai-api-integration-for-simulation-insights/,7,0,0.9999998571428775,0.04166666641865079,12.0,0.39285714285714285,4.957142857142857,12.0,66,168,2.3452380952380953,1,7.178571428571429
Netclan20241033,https://insights.blackcoffer.com/voter-profile-analysis-and-search-application-for-targeted-campaign-engagement-using-government-voter-data/,40,6,0.7391304187145562,0.09465020556656337,13.5,0.49794238683127573,5.599176954732511,13.5,242,486,2.6213991769547325,28,7.948559670781893
Netclan20241034,https://insights.blackcoffer.com/bert-based-classification-of-individuals-and-organizations-into-two-categories-using-natural-language-processing/,6,3,0.33333329629630043,0.07563025146529201,11.9,0.36134453781512604,4.9045378151260515,11.9,43,119,2.302521008403361,4,7.218487394957983
Netclan20241035,https://insights.blackcoffer.com/comprehensive-analysis-of-solana-and-ethereum-contributors-using-github-api-with-comparative-study-of-1000-random-github-profiles/,13,4,0.5294117335640156,0.08292682886377156,14.642857142857142,0.4195121951219512,6.024947735191638,14.642857142857142,86,205,2.5170731707317073,3,7.458536585365854
Netclan20241036,https://insights.blackcoffer.com/powerbi-rest-api-fetching-dataflow-and-refresh-schedules-with-semantic-models/,20,4,0.66666663888889,0.12371133956849825,12.125,0.422680412371134,5.019072164948454,12.125,82,194,2.4278350515463916,3,7.314432989690721
Netclan20241037,https://insights.blackcoffer.com/automated-job-data-import-and-management-solution-for-enhanced-efficiency/,9,1,0.7999999200000081,0.05952380916950114,8.0,0.31547619047619047,3.326190476190476,8.0,53,168,2.2916666666666665,2,6.9226190476190474
Netclan20241038,https://insights.blackcoffer.com/data-analytics-and-optimization-solution-for-enhancing-renewable-energy-efficiency/,11,1,0.8333332638888947,0.06349206315612665,8.590909090909092,0.455026455026455,3.6183742183742194,8.590909090909092,86,189,2.560846560846561,2,7.671957671957672
Netclan20241039,https://insights.blackcoffer.com/time-series-analysis-and-trend-forecasting-solution-for-predicting-news-trends/,11,1,0.8333332638888947,0.0674157299583386,8.476190476190476,0.34831460674157305,3.5298020331728197,8.476190476190476,62,178,2.2865168539325844,2,7.348314606741573
Netclan20241040,https://insights.blackcoffer.com/advanced-data-visualization-solutions-for-monitoring-key-business-metrics-with-integrated-interactive-dashboards/,15,0,0.9999999333333378,0.08474576223307478,8.045454545454545,0.3954802259887006,3.3763739085772984,8.045454545454545,70,177,2.446327683615819,2,7.7175141242937855
Netclan20241041,https://insights.blackcoffer.com/advanced-patient-data-analysis-solution-for-trend-identification-and-improved-healthcare-outcome/,17,1,0.8888888395061756,0.09999999944444445,8.181818181818182,0.34444444444444444,3.410505050505051,8.181818181818182,62,180,2.411111111111111,2,7.594444444444444
Netclan20241042,https://insights.blackcoffer.com/anomaly-detection-and-analysis-for-enhanced-data-integrity-and-user-experience-on-bright-datas-website/,11,7,0.2222222098765439,0.09424083720292756,8.681818181818182,0.4031413612565445,3.6339838172298906,8.681818181818182,77,191,2.413612565445026,2,7.287958115183246
Netclan20241043,https://insights.blackcoffer.com/building-custom-tflite-models-and-benchmarking-on-voxl2-chips/,10,0,0.99999990000001,0.060240963492524315,13.833333333333334,0.3674698795180723,5.680321285140563,13.833333333333334,61,166,2.3012048192771086,2,7.692771084337349
Netclan20241044,https://insights.blackcoffer.com/sports-prediction-model-for-multiple-sports-leagues/,18,0,0.9999999444444475,0.06293706271700328,15.052631578947368,0.34615384615384615,6.159514170040486,15.052631578947368,99,286,2.272727272727273,1,7.293706293706293
Netclan20241045,https://insights.blackcoffer.com/efficient-coach-allocation-system-for-sports-coaching-organization/,13,4,0.5294117335640156,0.07327586175312129,12.88888888888889,0.3275862068965517,5.286590038314177,12.88888888888889,76,232,2.2327586206896552,4,7.241379310344827
Netclan20241046,https://insights.blackcoffer.com/data-studio-dashboard-with-a-data-pipeline-tool-synced-with-podio-using-custom-webhooks-and-google-cloud-function-2/,22,4,0.6923076656804744,0.07761194006683003,10.806451612903226,0.3373134328358209,4.457506018295619,10.806451612903226,113,335,2.343283582089552,1,7.298507462686567
Netclan20241047,https://insights.blackcoffer.com/ai-driven-backend-for-audio-to-text-conversion-and-analytical-assessment-in-pharmaceutical-practice/,9,2,0.636363578512402,0.04700854680765578,12.31578947368421,0.3504273504273504,5.066486729644625,12.31578947368421,82,234,2.3632478632478633,2,7.1068376068376065
Netclan20241048,https://insights.blackcoffer.com/cloud-based-web-application-for-financial-data-processing-and-visualization-of-sp-500-metrics/,47,13,0.5666666572222224,0.13157894707987072,14.709677419354838,0.4144736842105263,6.049660441426146,14.709677419354838,189,456,2.5526315789473686,8,7.892543859649122
Netclan20241049,https://insights.blackcoffer.com/department-wise-kpi-tracking-dashboard-with-technician-performance-analysis-for-atoz-dependable-service/,15,2,0.7647058373702448,0.04415584404115365,12.833333333333334,0.2597402597402597,5.237229437229438,12.833333333333334,100,385,2.0753246753246755,1,6.740259740259741
Netclan20241050,https://insights.blackcoffer.com/steps-to-convert-a-node-js-api-to-python-for-aws-lambda-deployment/,20,5,0.599999976000001,0.11210762281566089,13.117647058823529,0.35874439461883406,5.390556581376945,13.117647058823529,80,223,2.381165919282511,1,7.614349775784754
Netclan20241051,https://insights.blackcoffer.com/building-an-analytics-dashboard-with-a-pdf-parsing-pipeline-for-data-extraction/,30,24,0.11111110905349798,0.06345475903236808,8.425742574257425,0.35135135135135137,3.5108375702435106,8.425742574257425,299,851,2.353701527614571,1,7.4112808460634545
Netclan20241052,https://insights.blackcoffer.com/building-a-real-time-log-file-visualization-dashboard-in-kibana/,15,19,-0.11764705536332191,0.07589285697345345,11.487179487179487,0.36607142857142855,4.741300366300367,11.487179487179487,164,448,2.3013392857142856,2,7.107142857142857
Netclan20241053,https://insights.blackcoffer.com/analyzing-the-impact-of-female-ceo-appointments-on-company-stock-prices/,18,6,0.4999999791666675,0.05357142845184949,10.181818181818182,0.4955357142857143,4.270941558441558,10.181818181818182,222,448,2.5892857142857144,9,7.908482142857143
Netclan20241054,https://insights.blackcoffer.com/ai-chatbot-using-llm-langchain-llama/,11,1,0.8333332638888947,0.051724137708085614,14.5,0.40086206896551724,5.960344827586208,14.5,93,232,2.4051724137931036,1,7.461206896551724
Netclan20241055,https://insights.blackcoffer.com/healthcare-ai-chatbot-using-llama-llm-langchain/,16,3,0.684210490304711,0.05604719747478703,4.346153846153846,0.25958702064896755,1.8422963467211255,4.346153846153846,88,339,2.0855457227138645,32,6.563421828908554
Netclan20241056,https://insights.blackcoffer.com/ai-bot-audio-to-audio/,1,0,0.9999990000010001,0.020833332899305567,48.0,0.4166666666666667,19.366666666666667,48.0,20,48,2.4166666666666665,0,7.395833333333333
Netclan20241057,https://insights.blackcoffer.com/recommendation-engine-for-insurance-sector-to-expand-business-in-the-rural-area/,10,1,0.8181817438016598,0.06321839044127361,17.4,0.367816091954023,7.107126436781609,17.4,64,174,2.3505747126436782,2,7.293103448275862
Netclan20241058,https://insights.blackcoffer.com/data-from-crm-via-zapier-to-google-sheets-dynamic-to-powerbi/,10,0,0.99999990000001,0.08928571348852042,9.333333333333334,0.2767857142857143,3.844047619047619,9.333333333333334,31,112,2.080357142857143,4,6.660714285714286
Netclan20241059,https://insights.blackcoffer.com/data-warehouse-to-google-data-studio-looker-dashboard/,5,0,0.99999980000004,0.035460992656305014,11.75,0.24822695035460993,4.7992907801418445,11.75,35,141,2.099290780141844,10,6.921985815602837
Netclan20241060,https://insights.blackcoffer.com/crm-monday-com-via-zapier-to-power-bi-dashboard/,12,3,0.5999999600000027,0.09090909035812672,6.6,0.23636363636363636,2.7345454545454544,6.6,39,165,1.993939393939394,20,6.375757575757576
Netclan20241061,https://insights.blackcoffer.com/monday-com-to-kpi-dashboard-to-manage-view-and-generate-insights-from-the-crm-data/,16,6,0.4545454338842984,0.12571428499591839,6.25,0.29714285714285715,2.618857142857143,6.25,52,175,2.0,8,6.502857142857143
Netclan20241062,https://insights.blackcoffer.com/data-management-for-a-political-saas-application/,5,3,0.24999996875000394,0.041025640815253124,8.478260869565217,0.3384615384615385,3.5266889632107024,8.478260869565217,66,195,2.1487179487179486,2,7.02051282051282
Netclan20241063,https://insights.blackcoffer.com/google-lsa-ads-google-local-service-ads-etl-tools-and-dashboards/,5,0,0.99999980000004,0.03649635009856679,13.7,0.27007299270072993,5.588029197080292,13.7,37,137,2.116788321167883,1,6.8321167883211675
Netclan20241064,https://insights.blackcoffer.com/ad-networks-marketing-campaign-data-dashboard-in-looker-google-data-studio/,4,0,0.9999997500000625,0.05714285632653063,23.333333333333332,0.32857142857142857,9.464761904761906,23.333333333333332,23,70,2.2142857142857144,1,7.042857142857143
Netclan20241065,https://insights.blackcoffer.com/analytical-solution-for-a-tech-firm/,5,2,0.4285713673469475,0.12068965309155771,9.666666666666666,0.3620689655172414,4.011494252873564,9.666666666666666,21,58,2.293103448275862,2,7.310344827586207
Netclan20241066,https://insights.blackcoffer.com/ai-solution-for-a-technology-information-and-internet-firm/,5,0,0.99999980000004,0.08196721177102932,15.25,0.4426229508196721,6.277049180327869,15.25,27,61,2.442622950819672,1,7.573770491803279
Netclan20241067,https://insights.blackcoffer.com/ai-and-nlp-based-solutions-to-automate-data-discovery-for-venture-capital-and-private-equity-principals/,7,1,0.7499999062500118,0.062015503395228655,14.333333333333334,0.40310077519379844,5.894573643410854,14.333333333333334,52,129,2.310077519379845,1,7.232558139534884
Netclan20241068,https://insights.blackcoffer.com/an-etl-solution-for-an-internet-publishing-firm/,11,0,0.9999999090909174,0.07284768163677033,10.066666666666666,0.2913907284768212,4.143222958057396,10.066666666666666,44,151,2.152317880794702,10,6.397350993377484
Netclan20241069,https://insights.blackcoffer.com/ai-based-algorithmic-trading-bot-for-forex/,4,1,0.599999880000024,0.06493506409175241,11.0,0.3116883116883117,4.524675324675324,11.0,24,77,2.2987012987012987,1,7.090909090909091
Netclan20241070,https://insights.blackcoffer.com/equity-waterfalls-model-based-saas-application-for-real-estate-sector/,4,1,0.599999880000024,0.02976190458475057,8.0,0.3630952380952381,3.345238095238095,8.0,61,168,2.2083333333333335,8,7.083333333333333
Netclan20241071,https://insights.blackcoffer.com/ai-solutions-for-foreign-exchange-an-automated-algo-trading-tool/,9,2,0.636363578512402,0.0567010306355617,13.857142857142858,0.34536082474226804,5.681001472754051,13.857142857142858,67,194,2.154639175257732,4,7.123711340206185
Netclan20241072,https://insights.blackcoffer.com/ai-agent-development-and-deployment-in-jina-ai/,11,6,0.2941176297577865,0.15740740594993144,13.5,0.37962962962962965,5.551851851851852,13.5,41,108,2.361111111111111,3,7.472222222222222
Netclan20241073,https://insights.blackcoffer.com/golden-record-a-knowledge-graph-database-approach-to-unfold-discovery-using-neo4j/,11,3,0.5714285306122479,0.08333333283730159,10.5,0.30357142857142855,4.321428571428572,10.5,51,168,2.107142857142857,15,7.065476190476191
Netclan20241074,https://insights.blackcoffer.com/advanced-ai-for-trading-automation/,10,2,0.6666666111111158,0.06557377013347666,7.956521739130435,0.3224043715846995,3.3115704442860534,7.956521739130435,59,183,2.1639344262295084,9,6.852459016393443
Netclan20241075,https://insights.blackcoffer.com/create-a-knowledge-graph-to-provide-real-time-analytics-recommendations-and-a-single-source-of-truth/,5,3,0.24999996875000394,0.09090908987603308,8.0,0.3522727272727273,3.340909090909091,8.0,31,88,2.284090909090909,1,7.284090909090909
Netclan20241076,https://insights.blackcoffer.com/advanced-ai-for-thermal-person-detection/,4,0,0.9999997500000625,0.07142857015306125,9.333333333333334,0.3392857142857143,3.869047619047619,9.333333333333334,19,56,2.267857142857143,2,7.125
Netclan20241077,https://insights.blackcoffer.com/advanced-ai-for-road-cam-threat-detection/,4,2,0.33333327777778704,0.08955223746936959,11.166666666666666,0.40298507462686567,4.627860696517413,11.166666666666666,27,67,2.388059701492537,2,7.432835820895522
Netclan20241078,https://insights.blackcoffer.com/advanced-ai-for-pedestrian-crossing-safety/,6,3,0.33333329629630043,0.12162161997808622,9.25,0.3783783783783784,3.8513513513513518,9.25,28,74,2.3783783783783785,3,7.5
Netclan20241079,https://insights.blackcoffer.com/handgun-detection-using-yolo/,4,0,0.9999997500000625,0.06060605968778698,11.0,0.36363636363636365,4.545454545454546,11.0,24,66,2.3636363636363638,2,7.484848484848484
Netclan20241080,https://insights.blackcoffer.com/using-graph-technology-to-create-single-customer-view/,5,7,-0.16666665277777895,0.13186813041903153,8.272727272727273,0.4065934065934066,3.4717282717282725,8.272727272727273,37,91,2.4175824175824174,4,7.538461538461538
Netclan20241081,https://insights.blackcoffer.com/car-detection-in-satellite-images/,10,0,0.99999990000001,0.06756756711102996,8.222222222222221,0.2972972972972973,3.4078078078078073,8.222222222222221,44,148,2.195945945945946,8,7.0675675675675675
Netclan20241082,https://insights.blackcoffer.com/building-a-physics-informed-neural-network-for-circuit-evaluation/,11,3,0.5714285306122479,0.07216494808162398,9.7,0.3556701030927835,4.022268041237114,9.7,69,194,2.304123711340206,17,7.298969072164948
Netclan20241083,https://insights.blackcoffer.com/connecting-mongodb-database-to-power-bi-dashboard-dashboard-automation/,7,3,0.39999996000000404,0.05208333306206597,11.294117647058824,0.2864583333333333,4.632230392156863,11.294117647058824,55,192,2.1197916666666665,12,6.697916666666667
Netclan20241084,https://insights.blackcoffer.com/data-transformation/,20,12,0.24999999218750027,0.1322314044122669,9.68,0.2603305785123967,3.976132231404959,9.68,63,242,2.12396694214876,13,6.371900826446281
Netclan20241085,https://insights.blackcoffer.com/e-commerce-store-analysis-purchase-behavior-ad-spend-conversion-traffic-etc/,8,1,0.7777776913580343,0.04712041860146378,10.052631578947368,0.27225130890052357,4.129953155139157,10.052631578947368,52,191,2.1099476439790577,17,6.989528795811518
Netclan20241086,https://insights.blackcoffer.com/kpi-dashboard-for-accountants/,10,0,0.99999990000001,0.05847953182175712,14.25,0.3216374269005848,5.828654970760234,14.25,55,171,2.1169590643274856,9,7.2105263157894735
Netclan20241087,https://insights.blackcoffer.com/return-on-advertising-spend-dashboard-marketing-automation-and-analytics-using-etl-and-dashboard/,25,4,0.7241379060642101,0.06954436434162023,12.264705882352942,0.381294964028777,5.058400338552688,12.264705882352942,159,417,2.3333333333333335,6,7.3261390887290165
Netclan20241088,https://insights.blackcoffer.com/ranking-customer-behaviours-for-business-strategy/,5,1,0.6666665555555741,0.051282050843743154,23.4,0.2905982905982906,9.476239316239315,23.4,34,117,2.2222222222222223,3,6.897435897435898
Netclan20241089,https://insights.blackcoffer.com/algorithmic-trading-for-multiple-commodities-markets-like-forex-metals-energy-etc/,6,0,0.9999998333333611,0.03278688506673833,12.2,0.37158469945355194,5.02863387978142,12.2,68,183,2.300546448087432,1,7.278688524590164
Netclan20241090,https://insights.blackcoffer.com/trading-bot-for-forex/,3,1,0.49999987500003124,0.08510638116794934,23.5,0.3404255319148936,9.536170212765958,23.5,16,47,2.2127659574468086,1,7.042553191489362
Netclan20241091,https://insights.blackcoffer.com/python-model-for-the-analysis-of-sector-specific-stock-etfs-for-investment-purposes%ef%bf%bc/,8,2,0.599999940000006,0.0680272104215836,10.5,0.3333333333333333,4.333333333333334,10.5,49,147,2.238095238095238,4,7.170068027210885
Netclan20241092,https://insights.blackcoffer.com/medical-classification/,4,2,0.33333327777778704,0.03921568601819813,12.75,0.2875816993464052,5.215032679738563,12.75,44,153,2.1633986928104574,6,6.973856209150327
Netclan20241093,https://insights.blackcoffer.com/design-develop-bert-question-answering-model-explanations-with-visualization/,2,0,0.99999950000025,0.028169013687760373,17.75,0.36619718309859156,7.246478873239437,17.75,26,71,2.3943661971830985,2,7.52112676056338
Netclan20241094,https://insights.blackcoffer.com/design-and-develop-solution-to-anomaly-detection-classification-problems/,2,5,-0.4285713673469475,0.06796116438872656,11.444444444444445,0.39805825242718446,4.737001078748651,11.444444444444445,41,103,2.466019417475728,5,7.252427184466019
Netclan20241095,https://insights.blackcoffer.com/an-etl-solution-for-currency-data-to-google-big-query/,2,0,0.99999950000025,0.015503875848807164,10.75,0.2248062015503876,4.3899224806201556,10.75,29,129,2.0930232558139537,11,6.4186046511627906
Netclan20241096,https://insights.blackcoffer.com/etl-and-mlops-infrastructure-for-blockchain-analytics/,3,0,0.9999996666667778,0.018404907862546577,27.166666666666668,0.3496932515337423,11.006543967280166,27.166666666666668,57,163,2.2392638036809815,0,6.957055214723926
Netclan20241097,https://insights.blackcoffer.com/an-agent-based-model-of-a-virtual-power-plant-vpp/,3,0,0.9999996666667778,0.06382978587596201,15.666666666666666,0.425531914893617,6.436879432624114,15.666666666666666,20,47,2.3617021276595747,0,7.425531914893617
Netclan20241098,https://insights.blackcoffer.com/transform-api-into-sdk-library-and-widget/,9,1,0.7999999200000081,0.09900990000980298,25.25,0.32673267326732675,10.23069306930693,25.25,33,101,2.3069306930693068,1,7.247524752475248
Netclan20241099,https://insights.blackcoffer.com/integration-of-a-product-to-a-cloud-based-crm-platform/,6,5,0.09090908264462885,0.07586206844233057,8.529411764705882,0.2896551724137931,3.5276267748478705,8.529411764705882,42,145,2.206896551724138,1,7.13103448275862
Netclan20241100,https://insights.blackcoffer.com/a-web-based-dashboard-for-the-filtered-data-retrieval-of-land-records/,11,2,0.6923076390532585,0.07602339136828426,13.153846153846153,0.2631578947368421,5.366801619433199,13.153846153846153,45,171,2.1403508771929824,0,6.976608187134503
Netclan20241101,https://insights.blackcoffer.com/integration-of-video-conferencing-data-to-the-existing-web-app/,2,0,0.99999950000025,0.01587301574703956,15.75,0.23015873015873015,6.3920634920634924,15.75,29,126,2.111111111111111,0,6.650793650793651
Netclan20241102,https://insights.blackcoffer.com/design-develop-an-app-in-retool-which-shows-the-progress-of-the-added-video/,3,0,0.9999996666667778,0.05357142761479594,28.0,0.375,11.350000000000001,28.0,21,56,2.3214285714285716,2,6.928571428571429
Netclan20241103,https://insights.blackcoffer.com/auvik-connectwise-integration-in-grafana/,3,1,0.49999987500003124,0.04210526271468144,9.5,0.3473684210526316,3.938947368421053,9.5,33,95,2.263157894736842,2,7.021052631578947
Netclan20241104,https://insights.blackcoffer.com/data-integration-and-big-data-performance-using-elk-stack/,4,1,0.599999880000024,0.04032258031997919,8.857142857142858,0.3548387096774194,3.684792626728111,8.857142857142858,44,124,2.2338709677419355,3,7.32258064516129
Netclan20241105,https://insights.blackcoffer.com/web-data-connector/,2,0,0.99999950000025,0.020408163057059562,9.8,0.2755102040816326,4.030204081632653,9.8,27,98,2.1122448979591835,2,6.744897959183674
Netclan20241106,https://insights.blackcoffer.com/an-app-for-updating-the-email-id-of-the-user-and-stripe-refund-tool-using-retool/,7,1,0.7499999062500118,0.09756097441998812,41.0,0.1951219512195122,16.478048780487807,41.0,16,82,2.0,3,6.560975609756097
Netclan20241107,https://insights.blackcoffer.com/an-ai-ml-based-web-application-that-detects-the-correctness-of-text-in-a-given-video/,2,5,-0.4285713673469475,0.061946902106664585,37.666666666666664,0.24778761061946902,15.165781710914453,37.666666666666664,28,113,2.0,2,6.716814159292035
Netclan20241108,https://insights.blackcoffer.com/website-tracking-and-insights-using-google-analytics-google-tag-manager/,16,2,0.7777777345679036,0.047999999872,12.096774193548388,0.36533333333333334,4.984843010752689,12.096774193548388,137,375,2.2506666666666666,3,7.013333333333334
Netclan20241109,https://insights.blackcoffer.com/dashboard-to-track-the-analytics-of-the-website-using-google-analytics-and-google-tag-manager/,16,1,0.8823528892733594,0.043589743477975014,11.818181818181818,0.3153846153846154,4.8534265734265745,11.818181818181818,123,390,2.194871794871795,1,6.912820512820513
Netclan20241110,https://insights.blackcoffer.com/power-bi-dashboard-on-operations-transactions-and-marketing-embedding-the-dashboard-to-web-app/,2,0,0.99999950000025,0.04651162682531101,14.333333333333334,0.4186046511627907,5.9007751937984505,14.333333333333334,18,43,2.372093023255814,0,7.465116279069767
Netclan20241111,https://insights.blackcoffer.com/nft-data-automation-looksrare-and-etl-tool/,5,2,0.4285713673469475,0.05555555511463845,8.4,0.24603174603174602,3.4584126984126984,8.4,31,126,2.0793650793650795,3,6.587301587301587
Netclan20241112,https://insights.blackcoffer.com/optimize-the-data-scraper-program-to-easily-accommodate-large-files-and-solve-oom-errors/,5,2,0.4285713673469475,0.07865168450953164,11.125,0.33707865168539325,4.584831460674158,11.125,30,89,2.2247191011235956,2,7.134831460674158
Netclan20241113,https://insights.blackcoffer.com/making-a-robust-way-to-sync-data-from-airtables-to-mongodb-using-python-etl-solution/,3,4,-0.1428571224489825,0.04895104860873393,10.214285714285714,0.24475524475524477,4.183616383616384,10.214285714285714,35,143,2.027972027972028,2,6.664335664335664
Netclan20241114,https://insights.blackcoffer.com/incident-duration-prediction-infrastructure-and-real-estate/,2,1,0.33333322222225925,0.026086956294896033,12.777777777777779,0.3565217391304348,5.253719806763286,12.777777777777779,41,115,2.356521739130435,4,7.356521739130435
Netclan20241115,https://insights.blackcoffer.com/statistical-data-analysis-of-reinforced-concrete/,7,1,0.7499999062500118,0.04519773985763989,12.642857142857142,0.3898305084745763,5.213075060532688,12.642857142857142,69,177,2.4858757062146895,4,7.790960451977401
Netclan20241116,https://insights.blackcoffer.com/database-normalization-segmentation-with-google-data-studio-dashboard-insights/,2,0,0.99999950000025,0.017391304196597356,7.666666666666667,0.28695652173913044,3.181449275362319,7.666666666666667,33,115,2.2782608695652176,8,6.826086956521739
Netclan20241117,https://insights.blackcoffer.com/power-bi-dashboard-to-drive-insights-from-complex-data-to-generate-business-insights/,5,2,0.4285713673469475,0.04697986545651097,9.3125,0.2684563758389262,3.832382550335571,9.3125,40,149,2.0604026845637584,8,6.523489932885906
Netclan20241118,https://insights.blackcoffer.com/real-time-dashboard-to-monitor-infrastructure-activity-and-machines/,2,1,0.33333322222225925,0.04687499926757814,12.8,0.296875,5.2387500000000005,12.8,19,64,2.265625,2,7.21875
Netclan20241119,https://insights.blackcoffer.com/electric-vehicles-ev-load-management-system-to-forecast-energy-demand/,4,2,0.33333327777778704,0.04109589012948021,12.166666666666666,0.3493150684931507,5.006392694063927,12.166666666666666,51,146,2.3493150684931505,7,6.945205479452055
Netclan20241120,https://insights.blackcoffer.com/power-bi-data-driven-map-dashboard/,2,0,0.99999950000025,0.07692307396449716,26.0,0.5384615384615384,10.615384615384617,26.0,14,26,2.6538461538461537,0,7.961538461538462
Netclan20241121,https://insights.blackcoffer.com/google-local-service-ads-lsa-leads-dashboard/,17,2,0.7894736426592819,0.06397306375766645,9.9,0.27946127946127947,4.071784511784513,9.9,83,297,2.1178451178451176,4,6.737373737373737
Netclan20241122,https://insights.blackcoffer.com/aws-lex-voice-and-chatbot/,7,0,0.9999998571428775,0.041916167413675647,11.133333333333333,0.2155688622754491,4.539560878243512,11.133333333333333,36,167,1.9281437125748504,5,6.161676646706587
Netclan20241123,https://insights.blackcoffer.com/metabridges-api-decentraland-integration/,2,0,0.99999950000025,0.011904761833900228,10.5,0.30952380952380953,4.323809523809524,10.5,52,168,2.1488095238095237,0,6.660714285714286
Netclan20241124,https://insights.blackcoffer.com/microsoft-azure-chatbot-with-luis-language-understanding/,6,0,0.9999998333333611,0.07228915575555234,13.833333333333334,0.3373493975903614,5.668273092369478,13.833333333333334,28,83,2.289156626506024,1,6.843373493975903
Netclan20241125,https://insights.blackcoffer.com/impact-of-news-media-and-press-on-innovation-startups-and-investments/,7,4,0.2727272479338866,0.0763888883584105,7.2,0.20833333333333334,2.9633333333333334,7.2,30,144,2.0972222222222223,8,6.395833333333333
Netclan20241126,https://insights.blackcoffer.com/aws-quicksight-reporting-dashboard/,7,3,0.39999996000000404,0.06134969287515526,13.583333333333334,0.25153374233128833,5.533946830265849,13.583333333333334,41,163,2.0061349693251533,7,6.361963190184049
Netclan20241127,https://insights.blackcoffer.com/google-data-studio-dashboard-for-marketing-ads-and-traction-data/,6,0,0.9999998333333611,0.023529411672433678,15.9375,0.23137254901960785,6.467549019607843,15.9375,59,255,1.9843137254901961,8,6.443137254901961
Netclan20241128,https://insights.blackcoffer.com/gangala-in-e-commerce-big-data-etl-elt-solution-and-data-warehouse/,7,1,0.7499999062500118,0.06349206298815824,10.5,0.25396825396825395,4.301587301587301,10.5,32,126,2.0317460317460316,10,6.4603174603174605
Netclan20241129,https://insights.blackcoffer.com/big-data-solution-to-an-online-multivendor-marketplace-ecommerce-business/,16,0,0.9999999375000038,0.10389610322145387,19.25,0.24675324675324675,7.7987012987013,19.25,38,154,2.0779220779220777,7,6.590909090909091
Netclan20241130,https://insights.blackcoffer.com/creating-a-custom-report-and-dashboard-using-the-data-got-from-atera-api/,2,0,0.99999950000025,0.04255319058397467,15.666666666666666,0.3617021276595745,6.411347517730497,15.666666666666666,17,47,2.234042553191489,3,7.148936170212766
Netclan20241131,https://insights.blackcoffer.com/azure-data-lake-and-power-bi-dashboard/,7,2,0.5555554938271674,0.08181818107438017,11.0,0.4,4.5600000000000005,11.0,44,110,2.4727272727272727,1,7.681818181818182
Netclan20241132,https://insights.blackcoffer.com/google-data-studio-pipeline-with-gcp-mysql/,2,0,0.99999950000025,0.02564102531229455,19.5,0.23076923076923078,7.892307692307693,19.5,18,78,2.128205128205128,1,6.67948717948718
Netclan20241133,https://insights.blackcoffer.com/quickbooks-dashboard-to-find-patterns-in-finance-sales-and-forecasts/,8,0,0.9999998750000157,0.049079754300124206,14.818181818181818,0.31901840490797545,6.054880089235918,14.818181818181818,52,163,2.1717791411042944,2,6.901840490797546
Netclan20241134,https://insights.blackcoffer.com/marketing-sales-and-financial-data-business-dashboard-wink-report/,2,0,0.99999950000025,0.014598540039426715,9.133333333333333,0.27007299270072993,3.761362530413625,9.133333333333333,37,137,2.124087591240876,3,6.868613138686132
Netclan20241135,https://insights.blackcoffer.com/react-native-apps-in-the-development-portfolio/,1,0,0.9999990000010001,0.027027026296566857,37.0,0.32432432432432434,14.92972972972973,37.0,12,37,2.054054054054054,1,6.837837837837838
Netclan20241136,https://insights.blackcoffer.com/a-leading-firm-website-seo-optimization/,3,0,0.9999996666667778,0.04761904686318973,10.5,0.3968253968253968,4.358730158730159,10.5,25,63,2.365079365079365,0,7.0476190476190474
Netclan20241137,https://insights.blackcoffer.com/a-leading-hospitality-firm-in-the-usa-website-seo-optimization/,5,0,0.99999980000004,0.07812499877929689,10.666666666666666,0.40625,4.429166666666666,10.666666666666666,26,64,2.21875,0,7.09375
Netclan20241138,https://insights.blackcoffer.com/a-leading-firm-in-the-usa-website-seo-optimization/,3,2,0.199999960000008,0.11111110864197538,22.5,0.35555555555555557,9.142222222222221,22.5,16,45,2.1777777777777776,0,6.822222222222222
Netclan20241139,https://insights.blackcoffer.com/a-leading-musical-instrumental-website-seo-optimization/,3,1,0.49999987500003124,0.08163265139525201,9.8,0.3673469387755102,4.066938775510205,9.8,18,49,2.2653061224489797,0,6.979591836734694
Netclan20241140,https://insights.blackcoffer.com/a-leading-firm-in-the-usa-seo-and-website-optimization/,3,1,0.49999987500003124,0.07547169668921327,8.833333333333334,0.33962264150943394,3.6691823899371077,8.833333333333334,18,53,2.207547169811321,0,7.0754716981132075
Netclan20241141,https://insights.blackcoffer.com/immigration-datawarehouse-ai-based-recommendations/,8,0,0.9999998750000157,0.05442176833726688,10.5,0.2789115646258503,4.31156462585034,10.5,41,147,2.183673469387755,8,7.0
Netclan20241142,https://insights.blackcoffer.com/lipsync-automation-for-celebrities-and-influencers/,2,0,0.99999950000025,0.02702702666179694,10.571428571428571,0.25675675675675674,4.331274131274131,10.571428571428571,19,74,2.189189189189189,4,6.743243243243243
Netclan20241143,https://insights.blackcoffer.com/key-audit-matters-predictive-modeling/,4,8,-0.3333333055555579,0.05607476609310857,14.266666666666667,0.3364485981308411,5.841246105919004,14.266666666666667,72,214,2.2850467289719627,3,6.929906542056075
Netclan20241144,https://insights.blackcoffer.com/splitting-of-songs-into-its-vocals-and-instrumental/,9,2,0.636363578512402,0.10091743026681257,12.11111111111111,0.3119266055045872,4.96921508664628,12.11111111111111,34,109,2.238532110091743,2,7.018348623853211
Netclan20241145,https://insights.blackcoffer.com/ai-and-ml-technologies-to-evaluate-learning-assessments/,13,2,0.7333332844444478,0.08241758196473856,10.705882352941176,0.34065934065934067,4.418616677440207,10.705882352941176,62,182,2.4175824175824174,16,7.3901098901098905
Netclan20241146,https://insights.blackcoffer.com/datawarehouse-and-recommendations-engine-for-airbnb/,9,2,0.636363578512402,0.0763888883584105,11.076923076923077,0.3055555555555556,4.552991452991453,11.076923076923077,44,144,2.2569444444444446,8,7.006944444444445
Netclan20241147,https://insights.blackcoffer.com/real-estate-data-warehouse/,5,0,0.99999980000004,0.03378378355551498,10.571428571428571,0.3310810810810811,4.361003861003861,10.571428571428571,49,148,2.2094594594594597,1,6.966216216216216
Netclan20241148,https://insights.blackcoffer.com/traction-dashboards-of-marketing-campaigns-and-posts/,4,1,0.599999880000024,0.03448275838287753,10.357142857142858,0.31724137931034485,4.269753694581281,10.357142857142858,46,145,2.1862068965517243,9,6.834482758620689
Netclan20241149,https://insights.blackcoffer.com/google-local-service-ads-lsa-data-warehouse/,3,0,0.9999996666667778,0.03797468306361161,9.875,0.3291139240506329,4.081645569620253,9.875,26,79,2.1645569620253164,0,6.670886075949367
Netclan20241150,https://insights.blackcoffer.com/google-local-service-ads-missed-calls-and-messages-automation-tool/,3,1,0.49999987500003124,0.052631578254847655,19.0,0.25,7.7,19.0,19,76,2.0789473684210527,0,6.7368421052631575
Netclan20241151,https://insights.blackcoffer.com/marketing-ads-leads-call-status-data-tool-to-bigquery/,4,0,0.9999997500000625,0.0597014916462464,9.571428571428571,0.40298507462686567,3.989765458422175,9.571428571428571,27,67,2.388059701492537,0,7.119402985074627
Netclan20241152,https://insights.blackcoffer.com/marketing-analytics-to-automate-leads-call-status-and-reporting/,4,0,0.9999997500000625,0.05714285632653063,11.666666666666666,0.34285714285714286,4.803809523809524,11.666666666666666,24,70,2.342857142857143,0,7.057142857142857
Netclan20241153,https://insights.blackcoffer.com/callrail-analytics-leads-report-alert/,3,0,0.9999996666667778,0.04109588984800151,9.125,0.3287671232876712,3.7815068493150683,9.125,24,73,2.2739726027397262,0,7.0
Netclan20241154,https://insights.blackcoffer.com/marketing-automation-tool-to-notify-lead-details-to-clients-over-email-and-phone/,2,0,0.99999950000025,0.031249999511718758,16.0,0.359375,6.54375,16.0,23,64,2.25,0,6.875
Netclan20241155,https://insights.blackcoffer.com/data-etl-local-service-ads-leads-to-bigquery/,3,0,0.9999996666667778,0.04761904686318973,12.6,0.38095238095238093,5.192380952380953,12.6,24,63,2.3492063492063493,0,7.063492063492063
Netclan20241156,https://insights.blackcoffer.com/marbles-stimulation-using-python/,3,1,0.49999987500003124,0.04597701096578148,7.909090909090909,0.3333333333333333,3.296969696969697,7.909090909090909,29,87,2.1264367816091956,2,6.597701149425287
Netclan20241157,https://insights.blackcoffer.com/stocktwits-data-structurization/,11,9,0.09999999500000024,0.04201680663441847,9.916666666666666,0.2542016806722689,4.068347338935574,9.916666666666666,121,476,2.0987394957983194,7,6.718487394957983
Netclan20241158,https://insights.blackcoffer.com/sentimental-analysis-on-shareholder-letter-of-companies/,9,5,0.2857142653061239,0.055335968160727396,12.047619047619047,0.4189723320158103,4.986636551853944,12.047619047619047,106,253,2.494071146245059,3,7.474308300395257
Netclan20241159,https://insights.blackcoffer.com/population-and-community-survey-of-america/,12,9,0.14285713605442207,0.04575163388725134,13.5,0.3485838779956427,5.5394335511982575,13.5,160,459,2.2657952069716774,4,6.871459694989107
Netclan20241160,https://insights.blackcoffer.com/google-lsa-api-data-automation-and-dashboarding/,19,17,0.05555555401234573,0.05034965027923126,11.171875,0.28251748251748254,4.5817569930069935,11.171875,202,715,2.1468531468531467,6,6.699300699300699
Netclan20241161,https://insights.blackcoffer.com/healthcare-data-analysis/,6,6,0.0,0.12244897834235736,8.909090909090908,0.2755102040816326,3.6738404452690165,8.909090909090908,27,98,2.122448979591837,11,6.816326530612245
Netclan20241162,https://insights.blackcoffer.com/budget-sales-kpi-dashboard-using-power-bi/,1,0,0.9999990000010001,0.033333332222222255,30.0,0.5,12.200000000000001,30.0,15,30,2.8,0,8.133333333333333
Netclan20241163,https://insights.blackcoffer.com/amazon-buy-bot-an-automation-ai-tool-to-auto-checkouts/,3,0,0.9999996666667778,0.049999999166666684,8.571428571428571,0.36666666666666664,3.5752380952380953,8.571428571428571,22,60,2.2666666666666666,1,6.95
